@mrsmith@journa.host,
@joannekelly@mastodon.ie,
@wood@federated.press,
@smach@masto.machlis.com,
@charlie_savage@masto.ai,
@olan@mastodon.ie,
@scottmstedman@journa.host,
@deanbetz@newsie.social,
@Davlin@journa.host,
@parkermolloy@masto.ai,
@jeff@honeytree.social,
@craigawelch@journa.host,
@NatSecGeek@kolektiva.social,
@SiriCarpenter@journa.host,
@michaelalden@mastodon.online,
@tim@phire.place,
@SandrineChesnel@piaille.fr,
@lexweaver@journa.host,
@MikeDiGirolamo@journa.host,
@skrishna@wandering.shop,
@nouvelarbremondial@cdrom.tokyo,
@ChristinaBinkley@journa.host,
@awsamuel@cosocial.ca,
@jppullen@journa.host,
@leag@piaille.fr,
@firstadopter@mastodon.social,
@matthewmuses@journa.host,
@jadelson@journa.host,
@AmandaSchrepf@piaille.fr,
@droidboy@social.cologne,
@Jbat@mstdn.media,
@acetum@infosec.exchange,
@Terrortola@masto.ai,
@ampressman@journa.host,
@alexhern@tech.intersects.art,
@ByRobinEpley@mastodon.social,
@elliemaeohagan@mastodon.social,
@msmacb@newsie.social,
@evawolfangel@chaos.social,
@sreedevkkumar@journa.host,
@ionacraig@mastodonapp.uk,
@loisparshley@journa.host,
@hannahgais@journa.host,
@mcgowankat@journa.host,
@hackingbutlegal@toad.social,
@aj_vicens@infosec.exchange,
@scott_blanchard@journa.host,
@christianschneider@masthead.social,
@earleyedition@aus.social,
@andrewgregory@mstdn.social,
@andrewgregory@mstdn.social,
@biancabritton@journa.host,
@matteomoschella@mastodon.social,
@bookish@historians.social,
@KarimBai@mastodon.social,
@janwlrvn@social.coop,
@OctaviaNasr@mastodon.social,
@cardamomaddict@mstdn.ca,
@leehurley@mastodon.lol,
@evewrites@newsie.social,
@ashliblow@newsie.social,
@tlcjr@c.im,
@cjschexnayder@journa.host,
@JFallows@journa.host,
@ipstenu@tech.lgbt,
@SeattleBryn@mas.to,
@sarahstankorb@newsie.social,
@emmaByrneAuthor@mendeddrum.org,
@yubal@masto.es,
@jlori@mastodon.social,
@RichardsonsRubicon@vivaldi.net,
@Sblanco@mas.to,
@lenlacara@journa.host,
@north@fosstodon.org,
@micahloewinger@journa.host,
@johannesgrunert@systemli.social,
@GeorgieLaud@newsie.social,
@abeauduin@journa.host,
@nicole@xoxo.zone,
@aelliotpr@babka.social,
@mojo@newsie.social,
@glombart@sciencemastodon.com,
@shaunsindelman@c.im,
@mikecarlucci@journa.host,
@mfioretti_en@mastodon.social,
@PolySun@sigmoid.social,
@knoerer@zirk.us,
@abecker@fruef.social,
@kitoconnell@kolektiva.social,
@ring2@norden.social,
@gernalist@masthead.social,
@ejgertz@journa.host,
@clio@fruef.social,
@jhwreporter@newsie.social,
@libbyseline@journa.host,
@cdreed@journa.host,
@aamirsidd94@mastodon.social,
@brianeason@mastodon.social,
@kimkey@mastodon.social,
@bradbelstock@sfba.social,
@allytibbitt@social.coop,
@edbott@mastodon.social,
@volksverpetzer@digitalcourage.social,
@jaredkalt@mastodon.social,
@JoanVT@journa.host,
@meheller@researchbuzz.masto.host,
@jinkding@newsie.social,
@marilink@mastodon.social,
@avavii@mastodon.social,
@robsonfletcher@mas.to,
@ryanhoulihan@mastodon.social,
@naomiohreally@mastodon.world,
@paoloshmaolo@sfba.social,
@magdalen@mastodon.wellperns.com,
@damemagazine@newsie.social,
@phineas@infosec.exchange,
@major_works@noc.social,
@eric@apublic.space,
@kzrutherford@newsie.social,
@laurabliss@journa.host,
@nicktylwalk@masto.ai,
@kev@mastodon.social,
@john@social.blogsofwar.com,
@christophkoch@masto.ai,
@Saba_Salman@newsie.social,
@lby3@newsie.social,
@slfisher@mastodon.online,
@ProPublica@newsie.social,
@DanielLuecking@troet.cafe,
@pierre_girard@mastodon.social,
@geo_gavalda@piaille.fr,
@jrcloutier@journa.host,
@newsdesk@flipboard.social,
@universalhub@mastodon.online,
@newseule_de@newsie.social,
@futuroprossimo@mastodon.uno,
@GregIenco@mastodon.social,
@thomasb@mastodon.social,
@nitishpahwa@journa.host,
@wendysawatzky@journa.host,
@Chron@newsie.social,
@roey@mas.to,
@erinnerungenimnetz@hessen.social,
@realityblurred@mastodon.social,
@JaredRutecki@newsie.social,
@jess_aloe@journa.host,
@tod@hci.social,
@jacopo_mazzeo@mastodonapp.uk,
@vtg2@econtwitter.net,
@bedwardstiek@sfba.social,
@beiioso@mastodon.online,
@eriksherman@mastodon.world,
@fortewerte@mastodon.social,
@robballan@newsie.social,
@z_everson@journa.host,
@evavonschaper@mastodon.social,
@riskybusiness@infosec.exchange,
@sciencedesk@flipboard.social,
@myersjustinc@mastodon.sdf.org,
@brandonsward@journa.host,
@tobias@journa.host,
@jenniferbillock@newsie.social,
@rufposten@social.tchncs.de,
@violetblue@mastodon.social,
@sarahcrgr@journa.host,
@RustyMehlberg@newsie.social,
@kingkaufman@sfba.social,
@edwardIT@mastodon.uno,
@riffreporter@mastodon.social,
@nightbert@mastodon.social,
@palafo@mstdn.social,
@joeveyera@mstdn.social,
@highlandscurrent@mastodon.social,
@juruwolfe@journa.host,
@spodgod@mstdn.social,
@justinling@mastodon.online,
@copyrightlately@mastodon.social,
@dwl@newsie.social,
@mho@social.heise.de,
@ionacraig@mastodonapp.uk,
@RupertCocke@newsie.social,
@melaniesill@mastodon.social,
@Loucovey@newsie.social,
@wendyg@mastodon.xyz,
@marcs@toot.community,
@alexip718@journa.host,
@febb@journa.host,
@Ludtke@mastodon.social,
@EdGarsten@newsie.social,
@ampressman@journa.host,
@nggalai@swiss-talk.net,
@MadelineBodin@newsie.social,
@BNONews@mastodon.social,
@amysimons@newsie.social,
@houston_whh@mastodon.social,
@stevesilberman@newsie.social,
@micahflee@infosec.exchange,
@therealjimlove@technews.social,
@cephira@sfba.social,
@gwfoto@newsie.social,
@flargh@mastodon.social,
@vivianho@journa.host,
@rozlatiff@journa.host,
@kallekn@mastodonsweden.se,
@krizanovich@glasgow.social,
@billbennett@mastodon.nz,
@ejz@zeitung.social,
@VeroBalderasI@mastodon.social,
@jeperego@mastodon.uno,
@gabekahn@federated.press,
@maggiefox@scicomm.xyz,
@benwinslow@newsie.social,
@techdesk@flipboard.social,
@PodcastSteve@newsie.social,
@LarryLoeb@twit.social,
@enriquerodriguez@mastodon.social,
@AbhishekSay@mas.to,
@ER@mastodon.green,
@danvanmoll@twit.social,
@davortmen@journa.host,
@dcolborne@techhub.social,
@gianlucapezzi@mastodon.uno,
@JonChevreau@mstdn.ca,
@litakelley@kolektiva.social,
@LibertadMedia@troet.cafe,
@Rjmcgarvey@newsie.social,
@joshsternberg@mstdn.social,
@susierants@mstdn.social,
@jimalexander@journa.host,
@Foxmonsieur@mastodon.social,
@Stuti@journa.host,
@jr@twit.social,
@erickdoxey@newsie.social,
@stevenlevy@mastodon.social,
@dangillmor@mastodon.social,
@beachwoodreport@newsie.social,
@stevethompson@mastodon.social,
@kathjakob@reporter.social,
@Give_A_Damn@newsie.social,
@culturedesk@flipboard.social,
@SBLBrightonLDR@mastodonapp.uk,
@sabaeitizaz@journa.host,
@moritzclauss@sueden.social,
@SCREW@mstdn.social,
@floragaramvolgyi@journa.host,
@Scrivenesse@newsie.social,
@AngelyMercado@journa.host,
@Sebastian@Pertsch.social,
@erikdelareguera@mastodon.nu,
@TOrynski@mastodon.scot,
@maltekir@social.apfelfunk.com,
@jackyan@mastodon.social,
@tradecraft@newsie.social,
@bbhorne@kolektiva.social,
@miranda_writes@journa.host,
@theofrancis@mastodon.online,
@newstik@social.heise.de,
@b_fung@masto.ai,
@tannerb@mastodon.social,
@zak@surfscape.cloud,
@AElliotPR@eupolicy.social,
@justus_vdaniels@mstdn.social,
@TheAlexHernandez@techhub.social,
@DilettaFileni@mastodon.uno,
@dankennedy_nu@journa.host,
@sachinxr@mas.to,
@ErsatzSavvy@mastodon.social,
@marcmartorell@mastodon.online,
@lastwordonsport@mastodon.social,
@mfioretti_en@mastodon.social,
@petersterne@mastodon.social,
@christofurio@newsie.social,
@nikhileshde@journa.host,
@daviddore@social.sdf.org,
@aditi_muses@mastodon.social,
@jperlow@journa.host,
@MerseyReporter@newsie.social,
@greghauenstein@newsie.social,
@RescueReports@journa.host,
@Sameagle@federated.press,
@robertvamosi@infosec.exchange,
@jeffjarvis@mastodon.social,
@jeff@honeytree.social,
@davidtoddmccarty@me.dm,
@SilkJag@digitalcourage.social,
@csp@social.heise.de,
@jascha@ohai.social,
@theresluethi@mastodon.social,
@ethanedward@mastodon.social,
@pirhoo@mastodon.social,
@andyreports@mstdn.social,
@TRichard_Nelson@mstdn.social,
@news@mastodon.toptechtidbits.com,
@chrisminnick@hachyderm.io,
@aysrick@notacult.social,
@Freedman@newsie.social,
@sl007@digitalcourage.social,
@richvn@mastodon.social,
@laurabeil@mastodon.online,
@21c_aesthetics@mastodon.social,
@javierterren@journa.host,
@jishnews@journa.host,
@bordenbathory@c.im,
@tferrer@journa.host,
@scott_blanchard@journa.host,
@loucovey@mastodon.online,
@TechJournalist@mastodon.social,
@erdanton@journa.host,
@andreastarreese@journa.host,
@andyriga@mastodon.world,
@steventdennis@journa.host,
@BostonAbrams@newsie.social,
@Joe_Diner@journa.host,
@delima@mstdn.social,
@samlitzinger@journa.host,
@megmaker@mastodon.social,
@pallab@sciencemastodon.com,
@michellemanafy@journa.host,
@wbulime@newsie.social,
@ahmetasabanci@mastodon.social,
@lambert@mastodon.online,
@thismason@mastodon.world,
@larryfeltonj@journa.host,
@stefanotieri@mastodon.uno,
@KadyO@mastodon.social,
@mserdark@mastodon.social,
@NatalieDavis@journa.host,
@nickypenttila@mastodon.online,
@reiseblog@mastodon.social,
@HilliTech@techhub.social,
@yaelwrites@mastodon.social,
@sarah81m@mastodon.social,
@jennysplitter@journa.host,
@rockyswift@newsie.social,
@nicolesandler@mstdn.social,
@Zeb_Larson@zirk.us,
@trbutler@faithtree.social,
@ThisIsTrue@mastodon.social,
@ssharwood@theblower.au,
@judicialesnet@mastodon.social,
@emilymolli@mastodon.social,
@JaredRutecki@home.social,
@lynngr@mastodon.online,
@Albatross@mastodon.sdf.org,
@bolden@mastodon.social,
@ash@mastodon.xyz,
@susanchumsky@mstdn.social,
@allthebrazilianpolitics@newsie.social,
@Jkuhnhenn@newsie.social,
@mdhaldane@mastodon.social,
@popheart@mastodon.uno,
@laminda@mastodon.social,
@Sblanco@mas.to,
@sor@arkm.social,
@PamBaker@newsie.social,
@nicu@journa.host,
@omata@newsie.social,
@kalus@mastodon.online,
@amywestervelt@journa.host,
@alessiovallerga@mastodon.uno,
@adrian@tyrol.social,
@JBrodkinWebb@journa.host,
@mojo@newsie.social,
@EricaHargreave@mastodon.social,
@winnipegfreepress@journa.host,
@gabrielasieczkowska@newsie.social,
@theJoshMeister@infosec.exchange,
@edoswald@journa.host,
@trondjs@journa.host,
@dinoray@mas.to,
@Anne_JM@mastodon.social,
@bjmendelson@mastodon.social,
@cawer@det.social,
@khulick@sciencemastodon.com,
@bernicecbc@newsie.social,
@smach@fosstodon.org,
@monto@mastodontech.de,
@clairepotter@mastodon.social,
@Kg4gwa@mastodon.sdf.org,
@konni@mastodon.social,
@dell@journa.host,
@sarahposner@mastodon.social,
@d_redaktion@mastodontech.de,
@brianpjcronin@journa.host,
@keribla@mstdn.social,
@stephaniesugars@newsie.social,
@Loukas@mastodon.nu,
@mriechers@journa.host,
@bittner@hachyderm.io,
@tamar@newsie.social,
@kylelwiggers@techhub.social,
@christianschwaegerl@mastodon.social,
@jeffperry@social.lol,
@bene@troet.cafe,
@anna@journa.host,
@nat@union.place,
@cdiderich@federated.press,
@irerodsa@mas.to,
@salvomic@flipboard.social,
@aderfel@mas.to,
@MediaBaron@mastodon.social,
@derek@toot.thedoodleproject.net,
@michejaw@bbq.snoot.com,
@haberledik@newsie.social,
@Kambiz@newsie.social,
@mondoweiss@social.mondoweiss.net,
@fj@det.social,
@rickmarshall@mstdn.social,
@cardamomaddict@mstdn.ca,
@dawnthea@newsie.social,
@mikecarlucci@journa.host,
@dansolomon@journa.host,
@stevematthewson@journa.host,
@PaigeBlank@journa.host,
@hesselmann@mastodon.social,
@allwoerd@t3n.social,
@lizseegert@journa.host,
@msafaksari@mastodon.social,
@aendra@hackers.town,
@ora@mixedmedia.page,
@LizaGross@mastodon.online,
@jachristian@sfba.social,
@TheBradBlog@journa.host,
@karacarlson@journa.host,
@alexlowe30@crosstalk.tech,
@lononaut@newsie.social,
@bykriscampbell@sciencemastodon.com,
@nwithan8@mas.to,
@BrideOfLinux@mastodon.opencloud.lu,
@erikalyn@newsie.social,
@adrianpolglase@mastodon.online,
@cmilneil@better.boston,
@w7voa@journa.host,
@msafaksari@qoto.org,
@davehogg@newsie.social,
@AutoVisionNews@mastodon.social,
@alexsanz@journa.host,
@BrianBanks@mstdn.social,
@theodorasutcliffe@mas.to,
@revolt3d@kolektiva.social,
@mabelvillamayor@journa.host,
@stanweddle@federated.press,
@mmasnick@mastodon.social,
@brentnatzle@mastodon.social,
@escapetofreedom@mastodon.social,
@seenigel@fashionviz.xyz,
@songlkaradeniz@mastodon.social,
@westerner@mastodon.world,
@JustAnotherJay@mstdn.ca,
@gbhnews@mastodon.social,
@leveller_ottawa@mastodon.online,
@passthejoe@ruby.social,
@ianboudreau@mastodon.social,
@sladewatkins@mastodon.social,
@Deanbetz@mastodon.social,
@cestpasirene@chaos.social,
@metaperez@mastodon.social,
@ghalfacree@mastodon.social,
@WritingFactory@mastodon.social,
@stephengraves@mastodon.social,
@ninaberman@mastodon.social,
@rjfaas@mastodon.social,
@artphotosdesk@flipboard.social,
@alexanderpatton@mstdn.ca,
@profhughes@journa.host,
@seanb@mstdn.ca,
@philmeyer@newsie.social,
@scottmorris@newsie.social,
@easternblot@mastodon.social,
@ernie@writing.exchange,
@pfl@mastodon.world,
@periodista@mastodon.social,
@kruediger@newsie.social,
@dermedientyp@norden.social,
@emill1984@101010.pl,
@alexhairysun@journa.host,
@howard@mastodon.lifebystills.co.uk,
@dialalluna@techhub.social,
@shaunsindelman@c.im,
@Ruhrnalist@mastodon.social,
@Kirkman@mastodon.social,
@mgsquires@ioc.exchange,
@jamesfortexas@mastodon.social,
@Nicjo@esperanto.masto.host,
@news@mastodon.accessinformationnews.com,
@GraniteGeek@newsie.social,
@L_howes@mastodon.social,
@melissavr@sfba.social,
@chris@montereybay.social,
@casey@apublic.space,
@martinangler@mastodon.social,
@hawaii@mastodon.social,
@KyleHill@newsie.social,
@ChrisHardie@mastodon.social,
@Groovytasia@journa.host,
@couts@mastodon.social,
@BCWilliams71@c.im,
@ElGris@mastodon.social,
@johnrudoff@journa.host,
@johnfeng@mastodon.online,
@matthewkeys@newsie.social,
@chrisjlykins@journa.host,
@KlasfeldReports@journa.host,
@seb_scheffel@federated.press,
@brantjames@newsie.social,
@CarlynZwarenstein@kolektiva.social,
@rowdy@mastodon.uno,
@Mariusmichusch@hessen.social,
@typographica@typo.social,
@collinleonard@journa.host,
@justinhendrix@mastodon.social,
@ricmac@mastodon.social,
@sbasu@mastodon.online,
@ncoca@social.coop,
@iturbides@mastodon.social,
@noordjonge@mastodon.social,
@joshchin@journa.host,
@robyntomlin@journa.host,
@MauryBizball@journa.host,
@avantikumar@newsie.social,
@raehodge@mastodon.online,
@jilleduffy@mastodon.social,
@micha42@nrw.social,
@lohmann@reporter.social,
@mertcengiz@mastodon.social,
@fediversereport@mastodon.social,
@buddepiept@reporter.social,
@andrewheavens@mastodon.scot,
@gab_gagnon@mstdn.ca,
@pshread@masto.ai,
@natashalennard@todon.eu,
@martinruecker@metalhead.club,
@jaspar@mastodon.online,
@dsilverman@mastodon.social,
@drjudystone@mstdn.science,
@dab@norden.social,
@DanaBlankenhorn@journa.host,
@meharris@freeradical.zone,
@kburke@mstdn.social,
@Korallenherz@mastodon.social,
@friedrichmoser@mastodon.social,
@chrisbaars@mas.to,
@aelliotpr@babka.social,
@andremchang@mastodon.social,
@jaylee@defcon.social,
@markzbarabak@newsie.social,
@jwfell@newsie.social,
@afroxander@journa.host,
@GeorgieLaud@newsie.social,
@RebLeber@journa.host,
@NizzanZvi@hed.im,
@ChrisWinters@mstdn.social,
@hedtk@journa.host,
@rjgianfortune@metalhead.club,
@mrsmith@journa.host,
@rajmund@pol.social,
@davidnewman@mastodon.social,
@timrichards@aus.social,
@jeremysimes@mstdn.ca,
@SeattleBryn@mas.to,
@cooltxchick@mastodon.sdf.org,
@mikejopek@journa.host,
@MarkMaxwellTV@newsie.social,
@patcaldwell@journa.host,
@cathy@aus.social,
@abeauduin@newsie.social,
@chrisdunker@journa.host,
@fmaschewski@mastodon.social,
@JasonDavis@c.im,
@nickmartin@masto.ai,
@AmandaSchrepf@mastodon.top,
@Devilstower@mstdn.social,
@carinadourado@mastodon.social,
@AlastairMcKay@journa.host,
@KeeganLeech@astrodon.social,
@drewhawkins@indieweb.social,
@philcreighton@mas.to,
@JamesRLeighJr@journa.host,
@zurairi@kopiti.am,
@nakedfella@mastodon.scot,
@evawolfangel@chaos.social,
@aj_vicens@infosec.exchange,
@natashamitchell@mstdn.social,
@rob_arthur@mastodon.social,
@revkin@mastodon.green,
@AndreaPitzer@journa.host,
@PolySun@fediscience.org,
@myriamandmoney@mstdn.social,
@earleyedition@mastodon.cloud,
@katielbrooks_@seocommunity.social,
@cmonstah@mastodon.art,
@JohannesSkov@journa.host,
@rico_moore@journa.host,
@juddlegum@journa.host,
@JimReineking@mstdn.party,
@TabathaSouthey@mastodon.social,
@KeineWunder@mastodon.social,
@jomc@friend.camp,
@laurasanthanam@newsie.social,
@laurenraab@mstdn.social,
@groundup@newsie.social,
@lschmeiser@mastodon.social,
@hayleysmith@journa.host,
@neildemause@mastodon.online,
@pratik@mas.to,
@philsolis@mstdn.social,
@tyburr@mastodon.online,
@KellyMcB@journa.host,
@constructess@eldritch.cafe,
@ajv@journa.host,
@TNLNYC@mastodon.social,
@ejwillingham@mastodon.social,
@billbarol@journa.host,
@stephencass@indieweb.social,
@JeffStone@infosec.exchange,
@kakape@mas.to,
@faffa@mastodon.social,
@KELLYWEILL@mastodon.social,
@bradhoward@mastodon.social,
@andykroll@mastodon.world,
@kguw@mastodon.nu,
@walter_report@journa.host,
@mattontech@mastodon.sdf.org,
@janinefunke@mastodon.social,
@moutet@mstdn.social,
@serghei@mastodon.social,
@michaelalden@c.im,
@dhamilton@newsie.social,
@stephenwentzell@journa.host,
@JordanFischer@journa.host,
@th3dylanproject@sfba.social,
@leehurley@mastodon.lol,
@alexbrizee@journa.host,
@bobbybaird@mas.to,
@jtwildfeuer@mstdn.social,
@buzzerblog@mstdn.social,
@ericgeller@mastodon.social,
@amy_harmon@sciencemastodon.com,
@supantha@mastodon.social,
@bidmead@mstdn.social,
@ProducerTory@mas.to,
@SCampbell@mastodon.social,
@eduardosuarez@mstdn.social,
@mcleantessa@sfba.social,
@bethpinsker@newsie.social,
@bobmcmillan@infosec.exchange,
@ingoelbey@troet.cafe,
@sarahstankorb@journa.host,
@noahshachtman@mstdn.social,
@MargotWilliams@journa.host,
@alexjameskane@mastodon.social,
@Emilynussbaum@mstdn.social,
@libbyseline@mstdn.party,
@mikedrago@newsie.social,
@jank0@sfba.social,
@haydenfield@mstdn.social,
@thegurkha@mstdn.social,
@andrewmarshall@journa.host,
@rinkside@mastodon.online,
@lindsayaellis@mas.to,
@lesleyjones@journa.host,
@jadelson@mstdn.social,
@brian_hioe@mastodon.online,
@ktetch@mastodon.online,
@cassieknust@mastodon.world,
@mariana_alfaro@journa.host,
@mathewi@journa.host,
@meghann@mastodon.social,
@ChloeMurdock@journa.host,
@cfarivar@sfba.social,
@stevekatz@journa.host,
@pagliery@mstdn.social,
@johnbattelle@mastodon.scot,
@Ondrejnovak@mastodonczech.cz,
@donnadlu@aus.social,
@JennyStephens@newsie.social,
@willknight@mastodon.social,
@emptywheel@mastodon.social,
@sonipaul@toot.community,
@ferrisjabr@mstdn.social,
@catharina@zirk.us,
@DreamLover@mastodon.social,
@kimberstreams@mastodon.social,
@bastianoenrico@mastodon.social,
@claireconner@mastodon.online,
@elizabethics@med-mastodon.com,
@botperrier@mamot.fr,
@alexagagosz@newsie.social,
@ron_miller@noc.social,
@ianhillmedia@journa.host,
@zidan@journa.host,
@Kns@newsie.social,
@nellgreenfieldboyce@mastodon.social,
@drewharwell@mastodon.social,
@ltestai@mastodon.uno,
@ChandraSteele@mstdn.social,
@lenlacara@newsie.social,
@schwellenbach@journa.host,
@CourtneyTenz@dju.social,
@gretchenmcc@xoxo.zone,
@Toastie@journa.host,
@lguterman@mastodon.online,
@hannahlang@journa.host,
@jenngwalter@mastodon.world,
@rachellense@c.im,
@mcgowankat@mastodon.online,
@tcarmody@mastodon.social,
@MargaretLarson@mstdn.social,
@ben@journa.host,
@andrelanglois@mindly.social,
@RyanGoodman@journa.host,
@SarahMurphyMadia@newsie.social,
@pdehello@mastodon.social,
@stephaniemlee@sciencemastodon.com,
@carteblanchetv@mstdn.social,
@acengel@newsie.social,
@chancerydaily@masto.ai,
@meerasub@zirk.us,
@N6g6c@mstdn.science,
@DerekBodner@journa.host,
@robgurwitt@journa.host,
@FatmaE@mstdn.social,
@mart1oeil@piaille.fr,
@charlie_savage@noc.social,
@christianschneider@mastodon.online,
@pd@newsie.social,
@lexweaver@mstdn.social,
@Doubleemmartin@mastodon.social,
@SanaSbouai@mastodon.social,
@newley@journa.host,
@Emilyalpertreyes@mas.to,
@christiedietz@mastodonapp.uk,
@David@journa.host,
@reporterdesk@mastodon.online,
@ChrisTheDj@c.im,
@Sadareed@newsie.social,
@cjschexnayder@sfba.social,
@BrandonRichard@mastodon.sdf.org,
@timothynoah@mas.to,
@elisecutts@sciencemastodon.com,
@jgillum@mastodon.social,
@SiriCarpenter@mastodon.online,
@meganzerez@mastodon.social,
@brianfagioli@mastodon.xyz,
@MeredithSchmehl@mas.to,
@thealabamatake@newsie.social,
@samueloakford@journa.host,
@ClaireCaulfield@mas.to,
@leighlo@aus.social,
@clo@newsie.social,
@ianmacallen@writing.exchange,
@Rmercader@newsie.social,
@Daftpunkydisco@mastodon.social,
@LelaNargi@mastodon.online,
@gs@mas.to,
@droidboy@mastodon.social,
@Darianwoods@econtwitter.net,
@eleanorskelton@newsie.social,
@alanboyle@mastodon.social,
@peterbutler@mas.to,
@jeremygahagan@mastodon.social,
@sjvn@mastodon.social,
@billweinberg@newsie.social,
@hannahgais@mastodon.social,
@sreedevkkumar@mastodon.online,
@johoo@mastodon.social,
@KurtKohlstedt@mastodon.social,
@shannonpareil@mastodon.social,
@stevenmazie@mastodon.world,
@kmk@lor.sh,
@DrMLHarris@mastodon.social,
@newstik@law.builders,
@MikeDiGirolamo@mastodon.social,
@samir_@journa.host,
@RickSmolan@newsie.social,
@jackmjenkins@mastodon.online,
@liamdann@mastodon.nz,
@vTFeatures@mastodon.world,
@nw@ioc.exchange,
@jetjocko@mastodon.social,
@ElMustachio@mastodon.social,
@pedroaguerr@masto.pt,
@zetasole@mastodon.lol,
@cwnewser@journa.host,
@andrewstroehlein@mastodon.social,
@nberlat@mas.to,
@drewb@mastodon.social,
@gabriellehealy@journa.host,
@craigawelch@mastodon.social,
@SED_CBC@newsie.social,
@thegarance@mastodon.world,
@DeliaCabe@journa.host,
@elanhead@mastodon.world,
@newspics@newsie.social,
@henryirvine@writing.exchange,
@kylie@newsie.social,
@coreypein@mastodon.social,
@carlbeijer@mastodon.social,
@Euan_MacDonald@mastodon.online,
@juneman@c.im,
@infosec_jcp@infosec.exchange,
@joannastern@mastodon.world,
@danfalk@sciencemastodon.com,
@AlexNSandiego@mas.to,
@schurt3r@social.tchncs.de,
@frogsandstars@med-mastodon.com,
@Jeffkart@newsie.social,
@MAArgentino@fediscience.org,
@OmarOakes@mastodonapp.uk,
@shayne@mastodon.online,
@ScottShuey@journa.host,
@skrishna@mastodon.social,
@elliemaeohagan@mas.to,
@Catherinecadams@journa.host,
@claireainsworth@mastodon.social,
@alysbrooks@journa.host,
@carlosmunoz@newsie.social,
@deniseflorez@sunny.garden,
@addie@houseofcreativeweirdos.com,
@guacamayan@journa.host,
@jasondebruyn@newsie.social,
@Stuti@mastodon.social,
@jtemple@mas.to,
@jimjamfroo_@mastodon.social,
@BabsVan@mas.to,
@Aminorjourney@mastodon.transportevolved.com,
@jmblgr@mastodon.online,
@matthewteague@mas.to,
@jasonpaladino@journa.host,
@Lavonne@federated.press,
@stevenjambot@journa.host,
@danfagin@mastodon.online,
@MarcAbrahams@mstdn.science,
@nicolenguyen@tooting.ch,
@StoicViper@journa.host,
@claireberlinski@federated.press,
@vizcarran@scicomm.xyz,
@Haikuhijinks@mas.to,
@bkkgreg@home.social,
@francesca@mstdn.party,
@mbroadfoot@mindly.social,
@WFKARS@mastodon.social,
@Dilpickle1@mastodon.social,
@vanessafranko@mastodon.social,
@georgielaud@mindly.social,
@Vittoria@mastodon.social,
@bethannepatrick@journa.host,
@Mgb@newsie.social,
@Joypress@mstdn.social,
@Air101@mastodon.world,
@cbick@c.im,
@PodcastSteve@newsie.social,
@dctrjack@aus.social,
@enbrown@journa.host,
@BBCPoppy@mstdn.social,
@GiacomoSansoni@social.coop,
@DempseyPaul@mastodon.social,
@Barredo@mastodon.social,
@LisaBurton@mastodonapp.uk,
@andrew_havranek@newsie.social,
@shanvav@mstdn.social,
@hemantmehta@mastodon.social,
@Cauchon@mastodon.social,
@stephenhui@mstdn.ca,
@therealjimlove@toot.community,
@karenhao@mas.to,
@nick@journa.host,
@midlife_rebellion@mastodon.social,
@romainburrel@h4.io,
@kforde@mastodon.online,
@smorvansmith@mastodon.top,
@JenHoward@mstdn.social,
@Memeghnad@mastodon.social,
@skpeter@newsie.social,
@Deborahamosnpr@journa.host,
@raedear@journa.host,
@Trailanderror@scicomm.xyz,
@nickyphillips@sciencemastodon.com,
@davelevitan@journa.host,
@RebeccaOstriker@journa.host,
@twittner@mastodon.social,
@SamHartle@newsie.social,
@violastefanello@mastodon.uno,
@jacobresneck@journa.host,
@Dannynguyen@mastodon.social,
@NatSecGeek@mastodon.social,
@govtrack@mastodon.social,
@Newmy@writing.exchange,
@jameskanter@mastodon.green,
@Williamcrawley@masto.ai,
@luis_martin@mastodon.social,
@bookishjulia@mastodon.sdf.org,
@AidaAlami@journa.host,
@maria@thelife.boats,
@firstadopter@mastodon.online,
@AdrianCoakley@mstdn.social,
@laurengoode@journa.host,
@sheeraf@noc.social,
@mehdihasan@journa.host,
@poniewozik@mstdn.social,
@ajsadauskas@aus.social,
@emmanator@journa.host,
@sakhr@journa.host,
@simonhead@mastodonapp.uk,
@mikeyslezak@aus.social,
@wood@pdx.social,
@Fparianen@mastodon.social,
@knoerer@mastodon.online,
@daivarep@dju.social,
@davidzipper@mastodon.social,
@voooos@sciencemastodon.com,
@joestgeorge@toot.io,
@mbolotnikova@journa.host,
@christianpaz@mas.to,
@acetum@mstdn.social,
@tripalong@mastodon.world,
@ByRobinEpley@sfba.social,
@Abbyohlheiser@mastodon.social,
@ewanspence@mastodon.scot,
@ninilab@mstdn.science,
@jeremy@floss.social,
@joshtpm@journa.host,
@AHimmelrath@nrw.social,
@abtran@mastodon.social,
@dieterholger@journa.host,
@rosebutcher@newsie.social,
@squawkfox@mastodon.cloud,
@nickhunebrown@mastodon.social,
@thomasmead@mastodon.nz,
@jamesmilsom@mastodon.social,
@DrProf@newsie.social,
@howardnurse@sportsbots.xyz,
@annaleighclark@newsie.social,
@jhwreporter@awscommunity.social,
@sarahchurchwell@mastodon.world,
@robbrunnerdc@toot.community,
@sarahbaird@journa.host,
@Jeremy_Hance@journa.host,
@scillaa@mastodon.social,
@EmmaByrneAuthor@mas.to,
@juliaoftoronto@masto.ai,
@pkrugman@mastodon.online,
@ashliblow@mas.to,
@rcourt@mastodon.social,
@vishnu_prasad@mastodon.social,
@uncertainquark@writing.exchange,
@suhauna@mas.to,
@jccpalmer@mstdn.io,
@PlaywrightByrne@mastodon.cloud,
@emilyanthes@mastodon.social,
@BradyDale@mastodon.xyz,
@simonjwoolf@epicure.social,
@camwilson@mastodon.social,
@siri@journa.host,
@romanbatt@journa.host,
@lizseegert@mastodon.social,
@megha@mastodon.world,
@andershalverson@sciencemastodon.com,
@dustcircle@home.social,
@JP@ieji.de,
@fiete@mastodon.social,
@larswienand@det.social,
@nicholedavis@better.boston,
@techledes@mstdn.social,
@caitlindewey@journa.host,
@lanikaps@mstdn.social,
@rtraister@journa.host,
@Wild@mastodon.world,
@vikasbajaj@mas.to,
@adunn@journa.host,
@micahloewinger@mastodon.online,
@brianeason@journa.host,
@Thorin@mastodon.social,
@ring2@norden.social,
@alyssabereznak@journa.host,
@mike_mcgb@mastodon.ie,
@gmusser@mastodon.social,
@msmacb@awscommunity.social,
@russ@mastodon.au,
@irohsint@0sint.social,
@stefanoepifani@mas.to,
@mkeierleber@journa.host,
@hiltzikm@mstdn.social,
@dme@mastodon.online,
@alannasmith@mstdn.ca,
@clairemiller@mstdn.social,
@danielrothberg@journa.host,
@BergCat72@tyrol.social,
@klillington@mastodon.ie,
@gustavoturner@mstdn.social,
@erin_nolan_@journa.host,
@Davlin@journa.host,
@hillaryr@sciencemastodon.com,
@roycekurmelovs@aus.social,
@mrsmith@mastodon.online,
@DemiNLawrence@ieji.de,
@tomwhitephoto@mastodonapp.uk,
@jayrosen_nyu@mastodon.social,
@estarla@mstdn.social,
@sarahnrogers@mstdn.social,
@cliffc@sfba.social,
@andyengelson@journa.host,
@fredericl@mastodon.siliconfilter.com,
@parker@journa.host,
@ElizPayne@mstdn.ca,
@mattpotter@c.im,
@cardamomaddict@mastodon.social,
@lambo@scholar.social,
@FrancisWilkinson@journa.host,
@benfeltondef@mastodon.nz,
@bradbelstock@journa.host,
@AK_OK@journa.host,
@msignorile@mstdn.social,
@ianlivingston@journa.host,
@BBCRobC@newsie.social,
@markhenick@mstdn.social,
@ThorstenClaus@mstdn.social,
@VeronikaMeduna@mastodon.nz,
@Colin@sciencemastodon.com,
@awsamuel@mastodon.online,
@alexrenton@nerdculture.de,
@lottefolke@journa.host,
@rwwmike@fosstodon.org,
@AishaS@journa.host,
@lukebailey@mstdn.social,
@ryanlowery@journa.host,
@danackerman@mastodon.social,
@ThinInk@journa.host,
@franmolloy@aus.social,
@michaelalden@mastodon.online,
@Teresalchin@journa.host,
@lisamjarvis@mastodon.online,
@acookiecrumbles@indieweb.social,
@Mattagius@activism.openworlds.info,
@sherylhugg@mastodon.sdf.org,
@annika_be@ruhr.social,
@arianabindman@sfba.social,
@jennamclaughlin@infosec.exchange,
@Noams_Ark@tooot.im,
@nicomy@sfba.social,
@siw@journa.host,
@corybe@journa.host,
@erosalie@infosec.exchange,
@ainamarzia@newsie.social,
@susannagranieri@journa.host,
@yorickdupon@mstdn.social,
@michaelrdrguez@mstdn.ca,
@mhdelaney@mastodon.ie,
@qinaliu@mastodon.social,
@evangreer@mastodon.online,
@miriamfauzia@sciencemastodon.com,
@ruskicouch@mastodon.social,
@iamgmcnaughton@mastodon.online,
@meglemke@journa.host,
@chrisvognar@newsie.social,
@JimSwift@newsie.social,
@evanengel@mastodon.social,
@iainthomson@mastodon.social,
@marcydeluna@mastodon.social,
@lukeoneil47@mastodon.social,
@kylealspach@infosec.exchange,
@nickgillespie@mastodon.social,
@aamirsidd94@mastodon.online,
@elizgrenier@c.im,
@emilywoodruff@journa.host,
@IJFmedia@mstdn.social,
@leoroussel@newsie.social,
@rparloff@journa.host,
@mollytaft@mas.to,
@Tylerh@mastodon.social,
@huwendiek@mastodon.social,
@amyfeldman@journa.host,
@CodyToombs@mstdn.io,
@tlee@newsie.social,
@scientist@eu.mastodon.green,
@loelof@mastodon.social,
@biancanogrady@aus.social,
@anneapplebaum@journa.host,
@jeffbcraven@mas.to,
@romanmars@mastodon.online,
@jlori@mastodon.cloud,
@SandrineChesnel@mastodon.social,
@felixfeatures@oslo.town,
@paulapenfold@mastodon.social,
@equinox@newsie.social,
@chrisjhorn@mastodon.ie,
@jfallows@mastodon.online,
@Grubstreetsteve@mastodonapp.uk,
@tiffanycli@mastodon.social,
@lauragrb@mas.to,
@phoebeivy@mstdn.social,
@rosafurneaux@mas.to,
@EuropeanJournal@newsie.social,
@ampressman@mastodon.social,
@bairbreflood@mastodon.ie,
@ilanaslightly@zirk.us,
@jperkel@sciencemastodon.com,
@andreabettini@mastodon.uno,
@liampetterson@aus.social,
@ChrisWere@toot.wales,
@rbissio@mastodon.uy,
@andywasley@mastodon.scot,
@jppullen@mstdn.social,
@campuscodi@mastodon.social,
@aulia@octodon.social,
@tahmeedshafiq@masto.ai,
@harley@aus.social,
@JADubin5@mstdn.social,
@Bildgeschichte@det.social,
@jocelyn@mastodon.coffee,
@hessiej@mas.to,
@ninaberries@indieweb.social,
@ilianalimonromero@journa.host,
@Sandeepr@sciencemastodon.com,
@STATter911@newsie.social,
@LizzieGibney@mas.to,
@Taenarian@journa.host,
@Julirmer@mas.to,
@MichaelPetch@mas.to,
@maxeddy@infosec.exchange,
@Matthewmuses@mastodon.world,
@billrabinowitz@mastodon.social,
@socialkimly@twit.social,
@Free_Press@mastodon.sdf.org,
@markhughesfilms@nerdculture.de,
@davidreevely@mastodon.social,
@pmsimon@c.im,
@ari@journa.host,
@reneeklahr@mas.to,
@vitriol@troet.cafe,
@ahiatt@journa.host,
@calliremillard@journa.host,
@willknight@mastodon.social,
@grantmarek@sfba.social,
@dillonliam@mas.to,
@richharidy@aus.social,
@byjackkelly@journa.host,
@ANosthoff@mastodon.social,
@agoldman@mastodon.lol,
@bertinhuynh@aus.social,
@AdamConway@mastodon.ie,
@LoisParshley@mas.to,
@gannonburgett@mastodon.social,
@samjscience@mastodon.social,
@leo_puglisi6@aus.social,
@elnif@mastodon.social,
@SaraMorrison@mastodon.social,
@renssgreene@newsie.social,
@PeterBeaumont@mastodonapp.uk,
@susieneilson@mas.to,
@SchottHappens@journa.host,
@wiebkowitz@mstdn.social,
@mollyjongfast@journa.host,
@DeanObeidallah@masto.ai,
@daivarep@dju.social,
@jmkliegman@newsie.social,
@johannesgrunert@chaos.social,
@mallorie@journa.host,
@ariehkovler@journa.host,
@erikgunn@mastodon.online,
@lknobel@journa.host,
@waqas@mstdn.social,
@gianluca@journodon.com,
@meehancrist@journa.host,
@KerryTNews@mastodon.social,
@yubal@mas.to,
@PoolOnTheRuf@mastodon.lol,
@grrlscientist@mstdn.social,
@DanMorain@mas.to,
@nemoore@journa.host,
@sjrcarson@mstdn.social,
@garnethenderson@journa.host,
@kyleclark@mastodon.online,
@calebcrain@mastodon.social,
@rehanhooda@mstdn.social,
@CarlaPedret@journa.host,
@matteomoschella@mastodon.social,
@tansy@mastodon.lol,
@dewanpandora@mastodon.online,
@jpinder@mastodon.social,
@DannyCunningham@journa.host,
@rebeccahmac@newsie.social,
@derrickrossignol@mastodon.online,
@AnneENConnor@scicomm.xyz,
@hefteronthehabs@journa.host,
@taylorlorenz@mastodon.social,
@shroombab@chaos.social,
@NoRezervationz@tootworld.social,
@emadelrosso@mastodon.sdf.org,
@emmillerwrites@mastodon.online,
@maretorliss@nerdculture.de,
@jopearl@journa.host,
@LauraKBuzz@tech.lgbt,
@frederickgardner@newsie.social,
@SusanneAlthoff@journa.host,
@leag@mastodon.social,
@carmelogarcia@mastodon.sdf.org,
@collateralbits@mastodon.social,
@hanno@mastodon.social,
@criswell_sports@newsie.social,
@GavinJackson@mastodon.social,
@RiaMisra@mastodon.social,
@ethanklapper@mastodon.world,
@jennazucker@toot.community,
@dylandulberg@masto.ai,
@johnwlast@mstdn.ca,
@jacyanthis@sciences.social,
@qjurecic@mastodon.social,
@krstv@ravenation.club,
@katzonearth@journa.host,
@moorehn@mastodon.social,
@petertubbs@journa.host,
@mirakamdar@mastodon.social,
@Carl_Zimmer@mastodon.social,
@BySteveReilly@journa.host,
@susiebright@journa.host,
@Jennelizabethj@journa.host,
@matthewreedbaker@mastodon.world,
@nikkibayley@nerdculture.de,
@saman@aus.social,
@jdlahart@journa.host,
@technewslit@journa.host,
@taylorgiorno@journa.host,
@DanielleSATM@mstdn.social,
@tinekepauw@mstdn.social,
@droberts521@union.place,
@phwolfe940@mastodon.lol,
@emmajourno@mastodon.me.uk,
@ashtonpittman@mastodon.social,
@SadhbhOS@mastodon.ie,
@Lowri@mastodon.me.uk,
@sethprince@newsie.social,
@robpegoraro@journa.host,
@KyleOrl@mastodon.social,
@LauraRice@journa.host,
@jaffej@mastodon.social,
@SoumayaKeynes@econtwitter.net,
@kixes@kopiti.am,
@JeffButts@newsie.social,
@mikamckinnon@mastodon.social,
@Evb@mastodon.social,
@cgseife@sciencemastodon.com,
@joshua_eaton@journa.host,
@blankjess@newsie.social,
@edmyayala@mastodon.social,
@kmingis@mastodon.online,
@ejgertz@mastodon.social,
@LeYayJay@mstdn.social,
@AnjKhem@mas.to,
@dermedientyp@norden.social,
@audrea@famichiki.jp,
@ArmanBaz@mstdn.ca,
@HarrietSalem@mastodon.social,
@maggie_a_lee@mstdn.social,
@amyfallon@aus.social,
@kevincollier@mastodon.social,
@dyanilewis@aus.social,
@sepinwall@mstdn.social,
@dtrilling@journa.host,
@jnwlrvn@todon.nl,
@thatdavidharper@mastodon.online,
@Steph_Rodriguez@sfba.social,
@joncohen@mas.to,
@tprice504@journa.host,
@jacobytekel@sciences.social,
@EvanAckerman@mastodon.online,
@kevinshakir@mstdn.social,
@wendysiegelman@mastodon.social,
@mollyquell@mastodon.social,
@dennisf@infosec.exchange,
@jessicaroy@indieweb.social,
@taniel@journa.host,
@rrgarver@journa.host,
@anewshack@mastodon.ie,
@lhn@mastodon.online,
@krisholt@mastodon.social,
@twyspy@journa.host,
@kegill@mastodon.social,
@jessicacalarco@mastodon.social,
@martineparis@techhub.social,
@AlbertoJourno@mas.to,
@amandakhurley@mstdn.social,
@alexwitze@sciencemastodon.com,
@ChristinaBinkley@mas.to,
@dangentile@sfba.social,
@dmendoza@newsie.social,
@ScottMStedman@mastodon.social,
@neiljrubenking@infosec.exchange,
@witchcore@sfba.social,
@rachelmetz@mstdn.social,
@lorinc@mastodon.sdf.org,
@zekuzelalem@journa.host,
@Sablowski@chaos.social,
@vanbadham@mastodon.social,
@annabower@journa.host,
@maxrauner@masto.ai,
@willoremus@mastodon.social,
@JMillzDC@mstdn.social,
@dancody@mastodonapp.uk,
@dell@mastodon.lol,
@hansappen@newsie.social,
@Appalbarry@mastodon.social,
@brennansuen@mstdn.social,
@ianrosewrites@scicomm.xyz,
@gavinkarlmeier@mastodon.social,
@glynmoody@mastodon.social,
@juha@mastodon.nz,
@mckenziefunk@journa.host,
@biancabritton@mastodon.social,
@TuThanhHa@mastodon.world,
@FreedmanAE@mastodon.social,
@Ostrogothe@piaille.fr,
@ju916@chaos.social,
@emmanuel@chaos.social,
@wilf@social.coop,
@AnnaFeatherstone@aus.social,
@antoinetricot@piaille.fr,
@stokel@infosec.exchange,
@VirginiaGewin@mastodon.online,
@mariaramirez@mstdn.social,
@cake@mstdn.science,
@ipstenu@mastodon.social,
@jpeebles@mastodon.social,
@alexboyd@journa.host,
@newyorkbob@mastodon.social,
@alexhern@mastodon.social,
@MikeDeal@mstdn.social,
@verity@aus.social,
@siobhanneela@journa.host,
@mollyjongfast@mastodon.lol,
@Octavia@mastodon.coffee,
@counterpoint@mastodon.online,
@telkins@newsie.social,
@brodnig@mastodon.social,
@KatHughes@bbq.snoot.com,
@racheyy_marie@sfba.social,
@evanrodgers@mastodon.social,
@ethanfreedman@journa.host,
@MorganForde@mstdn.social,
@Grubstreetsteve@mastodonapp.uk,
@RyanGerbosi@mastodon.social,
@baxiabhishek@mastodon.social,
@WSAuburn@newsie.social,
@jessicalucas@mas.to,
@SharonButler@journa.host,
@teddyamen@journa.host,
@tallshmo@mas.to,
@phillipdewet@mastodonapp.uk,
@jasonszep@mastodon.social,
@AnthonyMcIntyre@mastodon.ie,
@cameron@scholar.social,
@aliide@mstdn.social,
@theofrancis@mastodon.online,
@ThisIsTrue@mastodon.social,
@leo@twit.social,
@Terrortola@awscommunity.social,
@brittany@journa.host,
@missytwrites@aus.social,
@jimmcd@mastodon.social,
@lonny@newsie.social,
@sewellchan@mas.to,
@freelanceastro@octodon.social,
@suka_hiroaki@chaos.social,
@fcancio@mas.to,
@oscarthinks@newsie.social,
@JoyceVance@mstdn.social,
@Akrazia@sfba.social,
@TheDEWLine@toot.site,
@Gabygoldstein@mstdn.social,
@Horton_official@mastodon.me.uk,
@danielleolavario@newsie.social,
@jasonvermes@mstdn.ca,
@e_urq@journa.host,
@Leonyin@mastodon.social,
@ljlincoln@mastodon.social,
@MayaJRodriguez@newsie.social,
@Leemoran@journa.host,
@joshdavis@mastodon.social,
@provenself@journa.host,
@gardenswartzj@journa.host,
@javierbauluz@newsie.social,
@jklakasta@mastodon.eus,
@martingelin@mastodon.social,
@cdreed@mstdn.social,
@evewrites@journa.host,
@gbrockell@journa.host,
@andrew@esq.social,
@KarimBai@indieweb.social,
@north@kolektiva.social,
@vTFeatures@mastodon.world,
@josiahmortimer@mas.to,
@amerhadiazmi@journa.host,
@eublogo@mastodon.online,
@mekdelamaskal@journa.host,
@rachaelphillips@mas.to,
@joannekelly@mastodon.online,
@meeri_kim@sciencemastodon.com,
@00Aaron@social.coop,
@maeveallsup@techhub.social,
@michaelgreshko@mastodon.social,
@rachel_la_corte@journa.host,
@jacobgonzales20@fosstodon.org,
@barbfederostrov@journa.host,
@ogreporter@mastodon.social,
@stshank@mstdn.social,
@gregory_manni@climatejustice.rocks,
@Nicole@mastodon.cloud,
@anneaschenbrenner@mastodon.social,
@levisu@sfba.social,
@Bookish@mstdn.social,
@kurtcagle@newsie.social,
@nixxin@mstdn.social,
@kimkey@journa.host,
@reneereizman@mstdn.social,
@drewanderson@mstdn.ca,
@fachi@mastodon.uno,
@lisahafey@mastodonapp.uk,
@gregienco@piaille.fr,
